rock_id,color,content,location_type,latitude,longitude,weight_kg
1,white,obsidian,valley,28.45276,76.053363,136.27
2,red,granite,riverbed,64.365549,-162.549834,291.39
3,green,sandstone,valley,57.68871,-176.939406,465.93
4,green,granite,desert,-12.429054,-168.890336,289.77
5,blue,slate,cave,4.291771,174.814408,20.29
6,black,slate,riverbed,-85.185414,163.901509,461.62
7,gray,granite,mountain,-66.958327,-25.476035,229.69
8,brown,obsidian,forest,55.235612,-128.334702,48.32
9,brown,sandstone,forest,22.822656,27.447027,200.91
10,blue,obsidian,cave,-26.863969,-97.672674,426.84
11,blue,granite,riverbed,89.103387,-30.66322,224.05
12,white,obsidian,forest,6.659216,148.88672,185.52
13,green,sandstone,mountain,-76.522026,28.802812,322.97
14,black,basalt,riverbed,-49.156497,119.81735,183.28
15,white,limestone,forest,-87.763748,123.174435,274.93
16,green,basalt,forest,-13.554757,94.189367,49.35
17,brown,limestone,beach,64.238087,-103.606743,299.43
18,green,granite,forest,-20.700969,-164.823428,46.28
19,brown,basalt,riverbed,-3.810981,-126.823157,495.59
20,gray,granite,cave,75.996143,86.490192,305.94
21,blue,quartz,mountain,49.108909,65.177847,443.07
22,pink,limestone,mountain,51.866982,-118.239913,382.21
23,gray,obsidian,desert,-6.467505,86.766876,249.5
24,red,marble,mountain,-66.762386,-144.932294,475.09
25,blue,basalt,cave,5.148489,106.190049,495.19
26,brown,granite,desert,-84.356847,-125.772616,412.34
27,pink,obsidian,desert,-16.346443,-20.070906,32.31
28,black,obsidian,desert,86.222493,-97.703024,480.44
29,black,granite,desert,31.757906,130.228555,134.95
30,blue,marble,quarry,-13.52481,-139.60694,434.11
31,red,slate,quarry,-61.165731,-143.913297,353.55
32,brown,quartz,forest,-63.02089,173.756669,395.36
33,white,slate,beach,-5.590229,-59.583092,484.44
34,brown,basalt,cave,11.415517,-121.464147,191.34
35,gray,basalt,quarry,-62.313433,-100.677936,286.11
36,blue,quartz,quarry,87.571012,-51.975397,468.46
37,gray,quartz,desert,32.506368,62.976823,393.5
38,green,basalt,valley,-80.403543,158.502611,224.07
39,green,obsidian,mountain,-12.404996,75.988439,298.68
40,green,limestone,riverbed,-50.997973,-73.674461,312.48
41,black,obsidian,desert,58.853928,-124.139168,278.44
42,white,limestone,mountain,76.953818,-12.645023,388.68
43,green,granite,riverbed,22.170156,154.831673,85.43
44,black,sandstone,mountain,-44.211321,-47.148819,459.22
45,green,limestone,cave,52.521644,136.353931,246.88
46,brown,sandstone,desert,-23.982576,139.641377,12.56
47,gray,slate,desert,-78.699638,32.55875,410.64
48,gray,slate,quarry,82.155863,-25.295695,480.48
49,blue,basalt,forest,-52.935388,-164.686498,148.19
50,pink,slate,quarry,-88.082307,-127.027886,25.17
51,gray,limestone,cave,26.340689,-107.63843,142.67
52,brown,granite,cave,-18.706749,108.151698,75.62
53,white,sandstone,quarry,-77.20971,110.63882,125.47
54,red,granite,mountain,-28.871696,49.7277,195.63
55,white,obsidian,valley,17.416333,173.770366,328.43
56,white,quartz,beach,5.627793,126.229212,493.7
57,black,granite,beach,22.082391,48.252926,61.81
58,white,limestone,beach,23.527086,136.511548,222.77
59,brown,slate,forest,11.862763,-133.075388,179.49
60,blue,limestone,mountain,-50.911395,19.586583,343.5
61,black,obsidian,riverbed,-60.529612,59.68804,109.9
62,blue,granite,desert,82.959498,-108.720133,107.45
63,red,sandstone,cave,-57.247874,57.268248,197.81
64,blue,sandstone,riverbed,16.185144,-95.702605,148.7
65,pink,sandstone,riverbed,28.846245,-150.59421,123.2
66,black,obsidian,quarry,-61.693207,115.409822,166.78
67,gray,basalt,riverbed,-54.933153,-90.074801,43.95
68,gray,slate,cave,-4.457636,96.64641,200.3
69,gray,marble,beach,-14.195528,32.844869,259.33
70,green,limestone,cave,-88.615217,-94.045775,251.67
71,red,basalt,quarry,-29.404408,31.545777,86.35
72,white,sandstone,riverbed,-70.702523,166.771015,292.45
73,red,sandstone,valley,-63.109387,-126.443895,266.89
74,blue,basalt,valley,41.282715,120.206736,87.42
75,black,granite,valley,62.102066,-136.765594,483.67
76,pink,marble,desert,-61.775868,-177.283796,496.91
77,red,quartz,beach,55.378882,166.610633,249.57
78,black,marble,mountain,-84.186608,-127.257636,179.69
79,black,marble,cave,19.833717,27.40008,195.22
80,green,basalt,cave,-42.724421,78.084556,120.82
81,brown,sandstone,quarry,52.559876,88.45486,420.6
82,pink,basalt,beach,-63.470308,167.635831,138.26
83,green,marble,riverbed,-70.898041,127.970393,156.33
84,red,limestone,desert,20.630085,167.630809,464.99
85,black,obsidian,riverbed,-3.844155,-176.317045,292.59
86,red,limestone,mountain,70.46705,53.646412,66.4
87,blue,quartz,beach,57.641276,-171.237052,181.85
88,brown,limestone,cave,69.022518,144.75679,479.2
89,white,slate,beach,65.702388,-165.223531,466.56
90,gray,quartz,valley,-21.092907,-84.34711,124.73
91,white,sandstone,forest,8.114773,67.943122,306.34
92,green,limestone,forest,47.11872,-18.51064,12.54
93,brown,sandstone,desert,-86.398827,-96.358866,126.12
94,pink,sandstone,quarry,75.534966,-47.576939,113.56
95,pink,slate,forest,-58.570372,-21.292133,483.51
96,gray,granite,valley,-22.796524,-118.973563,160.64
97,gray,obsidian,forest,79.645438,-169.845085,90.84
98,green,sandstone,mountain,-65.742372,143.677082,173.24
99,red,granite,mountain,65.02316,-10.720782,440.45
100,gray,granite,quarry,13.475049,38.175124,46.71
101,red,sandstone,forest,27.816321,38.472116,434.1
102,pink,slate,forest,-36.70809,90.925335,131.49
103,blue,quartz,mountain,-14.320803,-161.990184,82.27
104,gray,obsidian,forest,-87.029036,22.398146,348.88
105,white,obsidian,quarry,-71.361298,108.188079,478.4
106,white,slate,mountain,-81.758571,-141.358694,310.49
107,brown,slate,riverbed,-2.13409,-95.173963,410.25
108,blue,basalt,beach,-84.499786,-57.059696,373.46
109,pink,marble,cave,-72.811745,-26.995571,402.58
110,black,obsidian,desert,17.281541,146.880799,91.84
111,black,basalt,riverbed,-23.171594,96.004019,479.41
112,black,sandstone,cave,-6.270435,157.692633,311.42
113,white,obsidian,mountain,35.393337,120.978425,390.32
114,pink,slate,mountain,-34.955704,57.006933,196.6
115,red,granite,riverbed,26.819191,116.116039,44.71
116,black,sandstone,riverbed,-56.950043,-17.04262,164.63
117,black,marble,beach,19.135818,108.291257,463.8
118,white,quartz,beach,-12.705427,-147.344145,380.23
119,brown,obsidian,cave,-49.256584,-102.802534,124.36
120,pink,sandstone,valley,-13.581137,162.923906,327.34
121,gray,granite,cave,87.53597,-85.915807,116.31
122,black,sandstone,valley,71.881917,-3.686906,206.47
123,black,basalt,desert,48.199426,-108.878116,360.85
124,white,sandstone,desert,57.262235,-169.45587,339.4
125,gray,obsidian,desert,-66.119368,-171.906729,115.52
126,gray,basalt,beach,-37.166833,117.904515,122.26
127,black,quartz,desert,15.594326,129.622502,292.88
128,black,quartz,cave,-85.033909,109.650851,170.98
129,red,quartz,beach,-16.452549,-35.023989,331.2
130,gray,sandstone,quarry,-68.846327,-61.321264,382.62
131,white,granite,riverbed,56.294183,73.562704,353.16
132,pink,quartz,cave,-67.529438,84.910612,295.87
133,pink,marble,desert,43.085147,-58.923327,443.5
134,gray,obsidian,desert,-25.628874,-91.932115,367.41
135,green,sandstone,cave,-47.988596,-166.797763,489.34
136,gray,obsidian,mountain,30.782698,0.882598,48.04
137,green,obsidian,mountain,47.965724,-99.257758,174.3
138,brown,basalt,quarry,22.113368,-178.895952,266.98
139,white,quartz,cave,-7.964013,28.375736,246.89
140,black,marble,quarry,20.959989,-150.426232,339.11
141,pink,obsidian,valley,-28.741464,-13.076932,188.2
142,black,quartz,quarry,70.42213,57.052816,438.47
143,black,marble,quarry,-10.64218,-84.904186,488.7
144,pink,granite,cave,7.592477,31.531668,308.04
145,white,limestone,desert,74.469442,83.88047,177.6
146,black,limestone,beach,22.809958,-132.553574,461.68
147,red,granite,desert,-70.875245,165.073913,111.71
148,blue,marble,desert,13.404189,11.042381,29.82
149,black,granite,desert,73.913238,-36.537369,441.29
150,white,quartz,quarry,80.089111,100.332641,5.9
151,white,limestone,riverbed,16.863948,122.978446,264.74
152,gray,granite,valley,-11.000896,169.29979,326.65
153,green,sandstone,mountain,-74.518739,104.754278,230.84
154,white,basalt,cave,-66.852592,-60.353741,282.11
155,black,slate,beach,8.546246,112.734027,104.14
156,white,sandstone,cave,51.585438,102.501996,1.99
157,red,slate,forest,-21.577803,-160.979339,25.37
158,brown,sandstone,mountain,-7.352428,-63.669549,440.19
159,green,slate,quarry,11.787765,-168.307901,201.8
160,white,quartz,forest,-69.686243,11.815143,381.29
161,white,limestone,cave,-19.083292,-80.668988,327.15
162,gray,limestone,desert,-65.564996,13.616477,162.1
163,pink,limestone,quarry,-78.405219,87.072361,473.32
164,brown,slate,mountain,21.304383,-66.766141,378.86
165,red,quartz,beach,-16.036726,132.706309,177.3
166,gray,obsidian,forest,-81.24487,120.080247,419.27
167,blue,slate,forest,-17.503275,116.641623,273.78
168,black,sandstone,forest,26.494874,58.659394,49.19
169,brown,sandstone,mountain,-87.818292,-76.600654,72.32
170,brown,slate,desert,88.42068,-143.169316,166.31
171,green,marble,desert,74.259,-71.055698,39.33
172,pink,limestone,desert,53.454543,-157.64454,46.23
173,gray,limestone,cave,2.981414,43.277653,340.04
174,red,slate,mountain,-74.348387,-111.817725,108.46
175,green,basalt,riverbed,-25.768946,-113.742553,408.64
176,red,limestone,valley,-48.603344,-125.269224,356.87
177,brown,limestone,quarry,53.018885,-12.553914,136.51
178,brown,slate,mountain,88.838371,30.649694,83.05
179,pink,sandstone,riverbed,-46.087232,135.114726,180.66
180,green,obsidian,forest,-22.850807,-167.044267,121.77
181,pink,limestone,quarry,42.786553,106.650042,382.14
182,brown,marble,beach,-24.401817,70.91341,388.84
183,gray,basalt,valley,0.221777,60.648611,272.02
184,white,granite,mountain,-60.779023,113.25438,5.32
185,green,quartz,forest,-85.232191,13.915666,439.48
186,gray,basalt,forest,-25.688206,-141.371125,496.5
187,white,limestone,quarry,38.435471,93.581215,252.08
188,green,slate,desert,17.039856,110.306105,13.9
189,brown,granite,beach,37.335554,-117.379837,87.14
190,red,slate,forest,79.126325,107.185567,28.97
191,black,granite,cave,-45.589803,-86.452588,430.51
192,pink,limestone,quarry,38.423254,176.444425,105.03
193,red,limestone,mountain,27.98945,-149.395744,251.47
194,white,obsidian,cave,-73.599381,-152.98086,0.38
195,blue,granite,forest,-9.625889,-124.938027,11.89
196,black,obsidian,beach,24.733451,1.530006,284.62
197,white,sandstone,cave,-77.837548,121.367667,177.59
198,pink,obsidian,forest,-59.578166,120.842769,129.22
199,brown,basalt,forest,-59.049042,23.705198,177.77
200,black,obsidian,desert,21.907515,-20.388169,392.21
201,black,limestone,valley,-58.292583,68.179342,373.8
202,blue,quartz,cave,13.355176,-91.487319,35.02
203,pink,basalt,forest,65.053391,80.346543,364.33
204,black,slate,forest,-50.4745,39.83393,103.03
205,red,granite,mountain,38.942086,84.92193,54.79
206,white,marble,mountain,58.410745,70.485711,53.35
207,brown,marble,riverbed,44.233606,-163.956643,71.76
208,pink,obsidian,mountain,4.104781,-13.661112,15.52
209,white,basalt,beach,82.701585,-51.776296,15.83
210,blue,basalt,desert,46.648664,60.92573,39.49
211,black,marble,desert,60.894884,174.039749,1.41
212,pink,quartz,quarry,-0.287885,124.893202,483.67
213,blue,granite,valley,73.171414,149.432266,75.48
214,red,slate,cave,-84.164924,-11.230473,67.7
215,white,limestone,valley,-27.09554,142.475629,208.21
216,green,basalt,mountain,85.541396,-13.276856,474.54
217,pink,sandstone,beach,-62.510762,6.806602,269.58
218,brown,granite,quarry,83.282932,138.242924,261.26
219,black,basalt,beach,69.665943,-32.864166,227.26
220,brown,limestone,valley,-38.078143,-37.376634,74.97
221,gray,quartz,forest,-28.89949,83.355307,72.82
222,blue,sandstone,mountain,87.013602,53.994393,13.1
223,blue,basalt,valley,8.565035,71.787727,364.99
224,black,basalt,valley,50.702379,37.139312,466.41
225,blue,marble,beach,41.344923,-31.777471,250.24
226,black,limestone,quarry,-80.137143,-35.204516,108.1
227,black,basalt,desert,43.050685,-171.992943,305.31
228,black,sandstone,valley,17.03436,136.508491,228.77
229,brown,sandstone,cave,-84.496103,-56.059975,421.41
230,pink,granite,forest,82.876272,-68.859563,460.34
231,green,granite,mountain,24.318296,120.312297,379.0
232,gray,slate,valley,42.656126,-26.840717,335.73
233,white,quartz,beach,-29.558075,-131.486663,442.21
234,brown,marble,riverbed,-83.775218,123.350872,126.25
235,gray,granite,desert,-46.699251,43.553011,276.06
236,gray,basalt,cave,12.638637,-117.550216,256.41
237,gray,basalt,forest,-78.875498,154.359411,449.08
238,green,sandstone,forest,-28.282553,68.913479,108.77
239,black,slate,forest,9.25894,-50.76374,186.08
240,gray,quartz,riverbed,-41.343849,15.121934,288.04
241,red,slate,riverbed,-34.090079,31.292333,307.12
242,pink,slate,quarry,50.203177,15.523443,333.23
243,green,marble,mountain,36.194346,21.513835,438.22
244,red,quartz,forest,42.848213,-83.264699,70.25
245,gray,sandstone,valley,14.413737,-5.373706,460.04
246,green,slate,forest,-51.347644,-26.52486,18.23
247,black,basalt,quarry,-20.369691,-8.276772,499.92
248,brown,granite,valley,81.751348,135.540447,294.78
249,blue,obsidian,mountain,-2.955263,40.151524,240.38
250,red,marble,cave,74.977716,-69.724709,67.17
251,white,sandstone,forest,31.732506,-157.890124,460.93
252,red,limestone,forest,-78.426485,44.114675,7.74
253,blue,sandstone,beach,42.858943,-149.301073,205.78
254,blue,slate,quarry,52.784082,-1.526942,242.3
255,green,sandstone,mountain,8.750059,173.433094,185.77
256,gray,basalt,quarry,26.282185,111.084984,465.33
257,red,basalt,beach,-80.002026,41.98878,278.05
258,black,granite,mountain,71.407137,158.387944,334.18
259,pink,slate,beach,35.525179,-165.996015,129.09
260,green,granite,quarry,-6.008198,15.124586,114.34
261,brown,marble,beach,-72.62536,34.15528,80.4
262,green,obsidian,valley,-35.704764,-105.875905,427.24
263,pink,sandstone,quarry,-17.57792,170.70572,154.27
264,blue,slate,valley,-59.417129,68.088197,180.66
265,white,sandstone,desert,78.176241,88.091079,165.47
266,green,quartz,desert,88.918032,-121.59014,417.38
267,brown,marble,mountain,17.020942,73.26894,326.0
268,pink,slate,beach,-54.604245,67.536861,303.52
269,black,quartz,cave,-44.704385,-68.310262,355.32
270,black,quartz,riverbed,-20.613374,-24.124749,381.98
271,black,limestone,desert,-53.942106,-133.995644,440.23
272,pink,obsidian,beach,77.858844,106.528318,166.73
273,brown,obsidian,quarry,-86.151466,-144.444875,166.53
274,gray,marble,desert,89.469937,99.557525,475.58
275,blue,obsidian,forest,13.615914,-61.65096,428.35
276,gray,slate,forest,13.483291,-69.145376,159.85
277,blue,quartz,desert,54.667622,-153.470559,257.17
278,white,sandstone,valley,-0.60858,-103.300107,190.51
279,red,granite,beach,-52.546688,176.471334,32.13
280,pink,quartz,forest,12.719947,38.709226,66.63
281,brown,sandstone,forest,-62.338565,-5.712064,467.12
282,blue,marble,quarry,38.631407,89.182503,404.34
283,brown,limestone,quarry,20.795412,96.39424,53.2
284,black,marble,valley,-63.701605,-51.780309,162.92
285,green,marble,beach,-9.898436,150.235026,152.31
286,pink,limestone,cave,59.791025,-49.294323,453.17
287,blue,slate,riverbed,-35.524359,146.669687,91.32
288,green,obsidian,valley,52.372644,90.36696,199.18
289,black,granite,quarry,-21.404235,79.110229,458.4
290,green,quartz,riverbed,19.858791,30.067233,320.24
291,red,marble,cave,27.377415,11.714011,152.79
292,pink,marble,desert,-22.763713,-112.248179,186.43
293,red,obsidian,desert,-60.217974,-165.808001,412.9
294,green,basalt,desert,6.473044,164.274877,118.45
295,green,obsidian,riverbed,-8.148308,-84.281828,371.78
296,red,granite,beach,-26.165988,-102.770809,409.13
297,pink,sandstone,forest,-82.736144,5.545192,335.73
298,white,slate,quarry,16.662195,-0.931913,55.97
299,black,slate,cave,58.207057,23.516426,52.08
300,white,limestone,cave,-85.374461,163.229486,460.44
301,pink,limestone,mountain,-38.925616,168.218941,440.02
302,black,marble,cave,-35.170759,-61.820678,182.69
303,white,sandstone,valley,30.766744,175.774563,499.02
304,green,sandstone,valley,-25.852637,120.302621,417.05
305,gray,marble,mountain,-71.143176,-147.553505,72.37
306,gray,quartz,riverbed,-51.173177,91.351546,65.81
307,white,limestone,mountain,-72.88303,-154.766541,95.85
308,white,slate,beach,5.608752,110.97164,112.97
309,brown,slate,cave,-67.008646,111.292211,416.97
310,blue,marble,beach,87.440205,-79.983975,40.02
311,gray,quartz,desert,-38.423646,-103.277955,352.65
312,pink,sandstone,valley,49.991075,142.268436,224.38
313,brown,limestone,quarry,8.884262,-142.478409,449.87
314,green,obsidian,quarry,33.893759,-145.912669,53.88
315,pink,sandstone,desert,-61.77802,141.875323,490.56
316,pink,basalt,valley,-52.948928,72.016582,286.44
317,red,marble,forest,-75.026899,14.149266,49.29
318,brown,quartz,forest,-78.874522,46.176461,79.19
319,red,granite,forest,8.052913,-6.430763,111.99
320,pink,sandstone,forest,23.489941,102.731452,251.76
321,green,slate,beach,14.822167,43.549812,350.38
322,brown,basalt,riverbed,-5.184744,-28.727343,177.57
323,gray,quartz,cave,79.707972,95.039427,243.96
324,brown,quartz,forest,-30.989028,41.405579,364.4
325,black,sandstone,desert,-40.030261,-46.632656,331.87
326,blue,obsidian,cave,-26.381383,79.231936,243.88
327,blue,basalt,quarry,-12.278169,52.765056,275.23
328,blue,quartz,forest,-58.599616,-120.519996,481.86
329,blue,granite,desert,-23.557099,-175.359407,119.82
330,gray,marble,cave,38.52342,37.596152,158.99
331,white,marble,forest,-42.047069,123.165164,136.94
332,green,sandstone,quarry,-61.437352,-160.419675,353.99
333,gray,granite,beach,-33.098054,-25.967638,264.74
334,red,marble,desert,17.74693,129.243082,11.51
335,gray,basalt,desert,-49.606174,105.928818,291.81
336,gray,limestone,mountain,-45.526792,-19.416902,4.09
337,red,quartz,beach,2.958969,-90.96786,154.19
338,blue,quartz,quarry,16.352511,-133.416757,61.11
339,red,quartz,quarry,80.525704,111.380712,465.46
340,brown,marble,desert,-5.34617,-31.282003,354.92
341,pink,basalt,valley,-31.194209,130.537808,172.76
342,brown,basalt,quarry,8.532612,80.009037,81.85
343,gray,basalt,mountain,57.284763,-84.29623,215.32
344,blue,sandstone,desert,1.335928,69.488213,226.22
345,blue,sandstone,riverbed,-32.704354,5.639838,314.28
346,red,granite,riverbed,53.980658,63.663234,322.32
347,red,quartz,quarry,-72.984076,8.476554,189.44
348,brown,limestone,mountain,39.235012,113.843405,453.21
349,pink,slate,beach,-84.627356,62.050373,45.9
350,pink,quartz,forest,-14.263985,-2.721327,69.86
351,gray,slate,desert,9.147174,6.394335,98.32
352,blue,limestone,valley,-1.101016,-157.308698,179.78
353,red,limestone,valley,-64.034418,133.566088,66.9
354,green,quartz,cave,63.457549,-166.667489,203.6
355,red,sandstone,desert,61.894102,-63.890512,410.08
356,gray,sandstone,valley,-40.494874,73.297073,196.9
357,black,obsidian,riverbed,39.415959,38.255126,342.96
358,green,slate,quarry,-29.533087,-114.619061,285.21
359,pink,obsidian,riverbed,-80.311808,73.139161,311.41
360,gray,slate,quarry,82.356852,86.722285,456.03
361,brown,marble,beach,83.612331,25.92024,462.88
362,pink,marble,beach,-65.328534,7.013071,33.4
363,black,sandstone,riverbed,-84.647167,144.466639,482.95
364,green,basalt,forest,2.537297,151.965362,488.28
365,gray,quartz,quarry,13.825817,-44.479818,379.49
366,red,limestone,cave,72.97655,-81.315773,381.86
367,red,granite,quarry,-77.794548,58.31491,285.1
368,black,marble,mountain,-50.160748,174.524112,10.4
369,green,marble,beach,-57.583379,163.3431,362.88
370,black,sandstone,quarry,-27.677449,113.580681,394.61
371,white,marble,desert,-58.66094,78.863471,77.5
372,black,quartz,cave,-32.616411,-151.836707,463.33
373,green,sandstone,cave,-17.971892,172.791227,307.33
374,green,sandstone,quarry,-56.58046,-171.546402,402.37
375,white,slate,valley,-47.11002,-23.718844,179.16
376,brown,sandstone,forest,68.307063,64.135526,220.96
377,blue,limestone,quarry,-29.816585,128.814695,306.64
378,black,quartz,mountain,-81.612733,20.385418,125.96
379,blue,slate,riverbed,-39.023688,-83.081855,244.37
380,brown,obsidian,beach,53.156984,-3.545304,184.7
381,green,obsidian,beach,45.65895,54.615125,138.85
382,gray,quartz,cave,-33.34837,116.160293,217.94
383,red,sandstone,quarry,-73.676444,-178.737895,486.66
384,black,quartz,riverbed,39.165185,-37.540177,262.91
385,pink,sandstone,desert,30.305638,63.553065,254.19
386,brown,marble,beach,41.280517,-27.836543,416.17
387,brown,slate,desert,39.759634,-137.766829,229.65
388,brown,obsidian,mountain,-6.949802,53.275364,250.4
389,gray,marble,beach,-58.875159,-115.266191,288.08
390,black,sandstone,quarry,60.860353,-26.826035,109.91
391,red,obsidian,mountain,33.931443,-92.591856,25.28
392,pink,limestone,desert,-30.513986,-129.655647,310.58
393,pink,marble,cave,6.318288,120.440589,55.45
394,white,slate,desert,-63.106993,16.492885,333.58
395,gray,obsidian,valley,-83.494155,-30.558125,474.84
396,black,limestone,quarry,82.826755,-108.259171,80.77
397,blue,sandstone,forest,24.234629,125.791892,381.27
398,black,slate,valley,-38.039971,-124.425653,309.4
399,white,obsidian,desert,-5.262415,129.317932,305.13
400,brown,granite,quarry,52.847799,145.279013,96.82
401,brown,sandstone,desert,-58.877548,145.942796,391.84
402,green,marble,desert,-62.041452,-89.553647,377.47
403,red,sandstone,riverbed,0.962167,49.4741,326.88
404,red,marble,riverbed,19.44856,-54.769874,462.56
405,pink,granite,valley,62.528603,30.370869,205.58
406,blue,basalt,beach,6.738557,-25.834591,71.54
407,blue,obsidian,quarry,-68.120323,-93.63821,420.18
408,blue,sandstone,desert,-89.393193,-3.86206,47.57
409,gray,obsidian,cave,-74.109845,77.192808,216.64
410,blue,basalt,quarry,24.311312,-151.244911,262.84
411,white,marble,riverbed,11.613679,157.55072,286.93
412,red,obsidian,quarry,15.694109,150.415495,1.86
413,gray,slate,forest,31.71044,154.565445,435.97
414,black,marble,beach,-9.387476,78.997498,189.86
415,pink,basalt,mountain,50.322809,-22.766862,299.53
416,gray,quartz,cave,-88.313099,-175.913506,228.59
417,white,marble,mountain,18.037547,33.340259,438.82
418,white,sandstone,desert,40.583872,-80.361301,43.89
419,brown,granite,quarry,77.161736,10.383049,231.98
420,brown,quartz,valley,55.947697,164.478024,407.98
421,gray,limestone,desert,-22.117796,98.575216,245.62
422,green,sandstone,quarry,-57.953472,-12.024797,306.72
423,black,quartz,cave,-79.390103,-81.837189,281.82
424,black,quartz,forest,63.145206,135.609858,490.03
425,brown,slate,quarry,45.138993,136.30228,287.11
426,pink,sandstone,valley,-61.544069,19.56856,98.55
427,gray,quartz,desert,-3.880197,-176.239078,406.68
428,green,marble,quarry,56.990967,60.142832,26.09
429,red,granite,forest,28.743903,10.576142,276.29
430,black,sandstone,quarry,-9.157725,-170.699735,169.85
431,black,granite,riverbed,22.107089,-176.7501,409.12
432,blue,obsidian,beach,-19.717091,-142.463372,26.86
433,gray,sandstone,desert,-6.498937,173.9023,484.14
434,gray,marble,valley,36.090869,-39.452638,218.89
435,green,obsidian,forest,-81.749372,129.257906,425.02
436,white,basalt,mountain,56.288795,-27.635683,245.41
437,blue,obsidian,riverbed,-75.901383,7.599565,388.21
438,red,slate,riverbed,47.279981,-71.491808,408.44
439,blue,basalt,valley,-37.474608,88.253007,36.87
440,pink,quartz,forest,36.217757,-93.185887,362.43
441,green,quartz,forest,-46.859856,-16.45424,331.36
442,black,sandstone,beach,-18.611954,-93.942255,299.91
443,gray,sandstone,quarry,-35.73454,-66.327336,103.63
444,white,obsidian,beach,-57.960247,-148.218879,219.0
445,red,sandstone,cave,37.949942,73.693473,381.0
446,blue,basalt,quarry,-53.703111,-51.31494,278.08
447,gray,granite,cave,81.150145,-169.084154,443.41
448,red,granite,mountain,-81.50488,-94.005018,112.73
449,white,limestone,quarry,24.960285,65.489296,478.23
450,white,sandstone,cave,-83.812762,-176.35362,30.59
451,green,obsidian,cave,-17.709471,-178.878093,466.86
452,pink,obsidian,forest,80.981481,32.796467,47.22
453,green,slate,riverbed,79.949853,23.751496,218.64
454,green,slate,quarry,-10.519707,-154.190959,82.05
455,gray,limestone,riverbed,76.617623,-106.094211,397.81
456,black,limestone,cave,78.122418,-7.348477,56.5
457,blue,granite,valley,-51.012421,71.515918,409.1
458,brown,obsidian,cave,15.892875,82.6655,463.96
459,blue,obsidian,quarry,25.665084,84.976744,487.44
460,white,basalt,forest,-60.857436,-178.215807,438.43
461,pink,limestone,cave,56.897285,-56.982175,456.42
462,gray,granite,quarry,68.638913,102.479201,137.71
463,pink,sandstone,mountain,-42.024391,40.48535,282.39
464,green,quartz,mountain,31.506862,-57.782634,276.61
465,green,quartz,mountain,60.583908,-5.186971,156.54
466,green,marble,beach,-34.843671,33.320324,258.47
467,red,marble,mountain,-68.686492,-123.694125,235.06
468,brown,basalt,mountain,11.504057,-38.188825,433.63
469,white,obsidian,desert,-60.097051,-49.415847,438.93
470,brown,quartz,valley,-22.74268,-124.981973,86.9
471,green,granite,valley,-30.727807,-176.718161,470.35
472,blue,basalt,mountain,-22.088286,179.623633,473.48
473,pink,limestone,quarry,-86.192941,-30.572485,289.63
474,white,quartz,quarry,-4.732086,68.761512,487.34
475,gray,limestone,forest,-73.499041,-54.304657,445.74
476,white,marble,cave,-77.179037,-130.129075,61.36
477,red,marble,riverbed,30.386883,160.234802,76.77
478,blue,basalt,forest,26.344144,106.925251,117.54
479,brown,sandstone,riverbed,11.537806,-41.094804,143.55
480,blue,slate,riverbed,0.748242,22.866116,110.4
481,green,limestone,riverbed,-69.154649,27.173289,59.48
482,green,quartz,desert,-16.521825,153.507429,115.6
483,brown,granite,mountain,-70.529739,77.455249,282.51
484,brown,granite,quarry,55.672883,49.206034,225.2
485,black,marble,riverbed,-57.334915,-168.620709,488.22
486,white,marble,riverbed,-20.692406,-56.424797,297.36
487,pink,sandstone,valley,-54.490911,-80.004501,56.74
488,pink,quartz,mountain,60.773906,-175.619884,347.4
489,black,granite,cave,67.599319,-54.906861,235.36
490,blue,slate,desert,12.888112,172.398236,331.61
491,brown,limestone,valley,30.473627,78.797134,370.7
492,gray,quartz,mountain,53.908269,64.237267,376.09
493,brown,basalt,valley,-44.018813,158.420958,147.33
494,pink,sandstone,forest,-82.91341,33.087516,119.54
495,gray,granite,cave,64.205785,81.582105,273.7
496,white,quartz,beach,19.513494,-32.247681,423.93
497,blue,slate,valley,-27.224794,-24.187378,173.75
498,pink,basalt,riverbed,-23.506228,98.383791,282.29
499,blue,obsidian,valley,69.064124,-54.07993,289.8
500,pink,sandstone,cave,-51.195656,121.723768,339.79
501,gray,sandstone,desert,64.394357,77.02954,91.88
502,brown,sandstone,beach,-1.281947,63.088911,454.66
503,brown,granite,quarry,52.453166,-104.1969,134.86
504,black,sandstone,valley,-67.8247,173.853054,291.13
505,blue,limestone,beach,10.95315,58.428994,91.3
506,black,granite,beach,37.498161,142.609586,177.23
507,pink,quartz,cave,-62.630509,94.402623,350.19
508,gray,basalt,mountain,84.214343,160.657411,326.87
509,brown,quartz,mountain,2.974199,-93.803966,68.18
510,red,obsidian,mountain,-9.710907,107.633449,76.35
511,blue,basalt,forest,37.378568,85.038731,119.52
512,brown,slate,mountain,47.001457,-0.400678,90.63
513,green,marble,mountain,-48.829953,57.585432,414.92
514,pink,obsidian,riverbed,13.377903,-27.340449,86.12
515,pink,limestone,beach,58.092391,17.298381,326.92
516,gray,basalt,beach,-85.49469,21.941355,469.54
517,red,quartz,mountain,87.185465,96.443277,406.11
518,red,slate,mountain,12.044893,29.395782,203.72
519,gray,granite,mountain,-10.174918,-137.592605,390.5
520,brown,obsidian,cave,80.832601,77.096193,195.4
521,green,granite,desert,86.314165,4.696786,16.96
522,blue,limestone,desert,38.481531,102.542126,41.67
523,green,sandstone,valley,-75.726039,-14.726212,199.62
524,red,slate,desert,8.785652,-147.786474,433.07
525,brown,granite,forest,32.418464,-6.861659,449.04
526,blue,limestone,desert,-45.570118,-35.142277,136.53
527,black,quartz,riverbed,88.586282,168.936279,470.7
528,white,quartz,mountain,53.79324,147.112947,192.82
529,white,quartz,desert,-2.646718,-10.171004,387.68
530,red,quartz,quarry,-0.463221,177.660612,253.92
531,blue,quartz,riverbed,-38.810589,-68.588829,426.91
532,black,sandstone,forest,-70.90213,-24.733009,423.15
533,pink,basalt,beach,83.971357,-174.43396,499.6
534,white,granite,valley,54.849422,37.820406,301.98
535,green,limestone,valley,-67.132776,10.162278,355.45
536,brown,sandstone,beach,-47.510293,-179.517333,104.93
537,gray,sandstone,mountain,78.308121,-75.123049,62.11
538,pink,sandstone,beach,9.272521,139.058638,238.95
539,gray,quartz,beach,-51.848943,128.912828,477.2
540,red,quartz,mountain,0.779071,-21.797073,160.05
541,blue,marble,desert,-37.486955,174.582257,254.77
542,black,slate,quarry,47.791837,-100.982224,182.05
543,white,basalt,beach,62.170352,-138.744824,316.73
544,white,slate,quarry,23.519657,160.002072,63.64
545,brown,quartz,beach,16.94594,45.114351,218.18
546,gray,basalt,riverbed,29.762065,153.987225,295.37
547,pink,obsidian,mountain,37.248868,123.776395,428.67
548,white,granite,valley,68.447793,-104.653219,415.79
549,black,limestone,desert,-88.29293,-95.677534,338.73
550,black,marble,cave,2.169421,-149.625412,117.38
551,gray,basalt,quarry,-81.89544,-108.922432,133.48
552,pink,marble,forest,73.290247,82.805464,157.68
553,red,quartz,valley,77.172817,-145.547606,472.7
554,blue,slate,cave,-37.828163,-99.217227,263.79
555,gray,slate,mountain,64.344533,120.808107,266.02
556,white,basalt,valley,-55.31476,-129.608191,112.9
557,blue,granite,valley,-8.055828,113.448351,323.65
558,black,basalt,beach,-33.192677,-65.615954,117.27
559,pink,granite,cave,85.754829,-64.994076,333.03
560,blue,granite,quarry,18.58612,28.905627,149.14
561,blue,slate,cave,-19.155321,84.430953,398.73
562,blue,basalt,forest,77.90969,-153.076658,413.42
563,white,obsidian,cave,-71.429427,-84.43824,90.03
564,pink,granite,quarry,-5.951997,70.370639,350.06
565,brown,limestone,valley,37.048864,150.5817,164.92
566,white,basalt,valley,15.032661,14.821186,245.15
567,black,sandstone,valley,18.552998,-140.374483,439.98
568,gray,marble,desert,41.254138,-106.069811,140.91
569,pink,slate,cave,-29.786937,56.039589,274.15
570,blue,obsidian,riverbed,70.957502,31.607846,167.89
571,blue,obsidian,quarry,-10.044297,-12.692939,127.79
572,gray,granite,mountain,-70.132923,-102.49801,479.35
573,white,slate,valley,77.036365,51.546167,29.13
574,white,obsidian,riverbed,63.407243,-89.532846,496.26
575,red,limestone,mountain,68.301204,-121.579667,486.8
576,gray,slate,mountain,63.880563,-42.965986,64.71
577,gray,obsidian,riverbed,44.921503,172.939812,270.2
578,pink,marble,valley,-60.480054,26.177232,358.65
579,white,quartz,beach,-89.53709,14.561984,467.39
580,white,quartz,cave,-37.606901,28.992486,219.42
581,red,slate,cave,41.857906,-115.084018,28.76
582,red,granite,cave,33.387535,171.533179,422.24
583,black,slate,cave,83.945388,92.753037,489.41
584,black,quartz,mountain,34.090472,-81.668446,484.6
585,white,granite,valley,22.729908,-137.150124,185.83
586,green,sandstone,riverbed,8.304238,163.164187,82.81
587,red,limestone,desert,-80.040617,70.012965,176.63
588,blue,limestone,riverbed,-52.906278,136.702439,65.76
589,blue,obsidian,quarry,-65.092234,-117.380987,433.54
590,green,quartz,quarry,51.957905,-177.579821,425.21
591,pink,sandstone,mountain,31.996965,-50.241984,31.64
592,red,marble,beach,-72.623166,76.302823,186.76
593,green,sandstone,riverbed,63.21622,-71.888027,204.42
594,blue,basalt,forest,-77.481525,82.743447,21.62
595,blue,basalt,riverbed,-8.51858,-54.712251,135.33
596,pink,limestone,valley,8.068791,-23.942738,355.3
597,blue,sandstone,forest,-23.173935,-153.281689,77.14
598,black,obsidian,valley,-66.226138,-127.205798,387.47
599,gray,limestone,valley,45.128324,-164.16805,179.22
600,black,basalt,desert,-66.418307,69.932184,440.48
601,gray,marble,desert,-37.752273,-148.213128,359.03
602,green,basalt,mountain,-23.660867,-91.264455,345.76
603,brown,limestone,cave,30.428081,-74.163717,408.64
604,gray,granite,forest,-67.736195,155.502822,10.53
605,gray,limestone,mountain,61.468133,-36.831049,191.54
606,red,slate,cave,-62.896534,43.126969,433.12
607,red,marble,desert,-10.555511,-95.246629,386.54
608,brown,limestone,beach,46.78165,-89.977567,136.82
609,gray,sandstone,quarry,46.122903,-9.288924,205.55
610,pink,limestone,desert,78.224066,87.509759,283.67
611,gray,granite,riverbed,51.735278,-53.635967,362.96
612,white,sandstone,desert,-2.671957,5.989274,140.86
613,gray,marble,quarry,-48.705254,-40.99235,460.38
614,gray,obsidian,quarry,-89.455942,59.285805,218.45
615,brown,basalt,desert,43.810639,-128.788984,131.5
616,pink,basalt,beach,-38.83863,-2.982195,446.46
617,brown,basalt,desert,-78.062947,-121.109148,108.04
618,red,slate,riverbed,11.878589,-67.131379,487.25
619,black,slate,cave,32.427477,-161.932643,466.34
620,red,obsidian,riverbed,-23.358911,-84.43332,319.76
621,blue,basalt,valley,17.473061,146.649411,55.31
622,green,marble,mountain,7.693612,-149.740938,487.76
623,green,slate,riverbed,-19.262659,93.827748,200.39
624,pink,sandstone,riverbed,-16.037484,109.492629,229.12
625,green,obsidian,beach,38.985134,-48.836542,334.34
626,brown,sandstone,valley,69.99441,124.811046,104.95
627,pink,limestone,cave,30.374226,110.288828,416.89
628,green,quartz,beach,-55.164726,110.457271,391.39
629,brown,granite,cave,27.660296,40.377201,79.73
630,black,limestone,mountain,45.901191,25.172902,458.86
631,pink,slate,beach,75.925437,-9.061399,243.0
632,pink,sandstone,riverbed,-82.240759,136.974353,280.96
633,blue,granite,cave,-20.308035,-36.70222,203.83
634,white,sandstone,desert,73.189058,86.430803,263.26
635,blue,slate,forest,-76.680062,-39.989883,394.16
636,blue,marble,cave,-25.905808,-70.880949,466.02
637,red,quartz,quarry,-41.662971,98.636869,139.57
638,green,limestone,mountain,-24.603974,22.608985,216.83
639,black,slate,mountain,-76.871899,-139.175154,386.27
640,brown,granite,beach,60.892251,-16.445676,318.52
641,blue,quartz,mountain,-76.629511,-46.022528,274.9
642,blue,granite,riverbed,-43.429038,-6.751486,78.56
643,gray,basalt,cave,58.120838,167.133363,64.58
644,brown,marble,beach,-2.124748,-142.102164,71.73
645,red,limestone,valley,-40.763591,27.804685,52.03
646,blue,obsidian,forest,-78.903182,-72.827942,423.65
647,pink,marble,forest,-74.851682,-153.843056,490.61
648,pink,obsidian,desert,33.943393,-132.099233,354.57
649,gray,basalt,beach,27.246949,-41.163298,457.43
650,white,granite,mountain,-71.251876,7.232734,184.92
651,white,slate,riverbed,78.477829,-35.576092,276.0
652,brown,basalt,valley,-16.210231,-15.611137,257.89
653,gray,obsidian,valley,29.260155,148.607926,310.71
654,black,basalt,forest,5.320266,63.409208,439.93
655,green,limestone,desert,-37.078795,-145.557307,261.71
656,black,marble,riverbed,-81.41841,153.410281,392.15
657,red,granite,quarry,4.324869,104.214733,442.4
658,pink,granite,cave,-43.579656,-100.656448,284.06
659,gray,slate,cave,-75.033185,78.391906,170.11
660,blue,marble,quarry,13.8984,-178.393164,278.95
661,brown,granite,valley,-51.257366,-47.569909,268.66
662,gray,quartz,beach,44.055354,-134.480466,72.29
663,white,obsidian,valley,-78.004352,-159.462398,181.12
664,black,limestone,desert,-39.055148,0.732611,250.22
665,red,slate,valley,34.466284,127.847849,186.13
666,blue,slate,forest,-73.689284,125.125347,17.54
667,pink,sandstone,forest,16.02835,-79.866078,27.33
668,white,granite,forest,-36.808623,-82.865565,249.3
669,red,obsidian,quarry,15.02777,158.526114,125.97
670,green,quartz,beach,14.649878,59.116155,96.8
671,green,slate,beach,-34.570831,134.461988,254.74
672,gray,sandstone,cave,27.067606,-65.497874,25.0
673,gray,granite,beach,7.138617,164.840469,368.79
674,green,quartz,riverbed,-19.411494,-85.577794,294.72
675,black,limestone,quarry,-61.323031,80.891038,219.62
676,white,granite,cave,-82.738417,115.950866,63.91
677,green,obsidian,cave,78.329646,-94.069539,161.58
678,blue,granite,quarry,-20.11538,178.539106,122.32
679,brown,slate,forest,17.540958,44.557026,33.35
680,gray,obsidian,forest,-79.947009,79.825903,301.32
681,red,basalt,forest,-73.542939,138.741356,76.54
682,red,basalt,forest,-78.181067,136.036106,442.3
683,blue,granite,desert,21.13116,-66.984287,106.72
684,blue,marble,forest,67.59741,-104.505126,457.71
685,black,obsidian,quarry,-48.919082,-31.970875,322.46
686,brown,sandstone,mountain,4.710262,160.560183,219.45
687,green,sandstone,beach,34.466065,-140.170652,361.81
688,pink,granite,mountain,13.914083,145.151383,297.49
689,green,slate,desert,27.361963,42.289002,279.01
690,pink,limestone,quarry,-39.086991,-142.773838,353.56
691,gray,slate,beach,-18.955565,16.509143,205.63
692,red,sandstone,valley,-25.619667,-4.223573,450.38
693,pink,marble,riverbed,-18.357805,2.701395,140.69
694,green,basalt,beach,20.960423,72.937698,416.92
695,black,limestone,beach,-70.286907,77.396185,11.03
696,brown,quartz,quarry,-89.767291,133.981802,244.52
697,blue,slate,mountain,66.729782,28.019915,0.57
698,black,slate,beach,18.941528,130.970099,401.81
699,blue,limestone,beach,47.460162,51.122476,6.38
700,green,basalt,forest,61.364691,-102.514151,233.72
701,pink,obsidian,beach,12.017675,89.669482,160.88
702,green,quartz,desert,-85.641546,123.910127,490.02
703,blue,obsidian,forest,58.149127,-12.745534,35.2
704,brown,slate,forest,77.202084,-130.809823,303.67
705,brown,limestone,forest,-2.998704,131.200836,65.42
706,black,marble,beach,-51.647393,172.038536,367.65
707,pink,limestone,riverbed,-17.215742,92.331317,343.07
708,black,obsidian,desert,-57.041912,-175.027618,364.66
709,gray,granite,valley,-17.373274,62.608061,93.18
710,red,quartz,mountain,72.704408,136.074379,34.41
711,green,granite,desert,22.566652,67.19811,223.68
712,brown,quartz,valley,80.486631,21.27351,269.5
713,blue,slate,forest,-1.318017,-76.169457,485.89
714,brown,marble,mountain,-37.889628,-82.680801,141.88
715,blue,slate,cave,-76.855169,173.157517,370.23
716,brown,slate,desert,-86.868612,116.138099,48.71
717,gray,marble,desert,65.274933,-138.714611,115.5
718,brown,limestone,mountain,-3.964424,121.462915,109.89
719,gray,granite,mountain,-42.263588,-100.105038,51.2
720,red,obsidian,beach,72.062767,-49.503163,67.64
721,brown,sandstone,quarry,12.057758,87.01699,59.47
722,black,sandstone,mountain,46.768734,30.991336,436.62
723,red,marble,valley,-57.79658,-153.826205,277.68
724,blue,sandstone,quarry,-80.300811,-145.819686,244.09
725,blue,granite,beach,-87.633582,-6.439455,116.81
726,pink,granite,forest,88.482168,-41.726634,269.4
727,pink,slate,riverbed,-69.374678,-66.938683,21.81
728,red,limestone,quarry,84.028734,178.896274,441.05
729,black,quartz,cave,63.317051,156.011452,235.37
730,pink,quartz,riverbed,-21.527456,-150.02751,111.84
731,black,basalt,mountain,61.435761,-101.381101,427.31
732,pink,quartz,desert,2.131962,16.047921,288.11
733,brown,limestone,mountain,66.277442,2.223102,209.45
734,black,slate,desert,-22.874616,51.33445,216.57
735,green,basalt,cave,51.284462,36.38618,380.08
736,brown,obsidian,desert,-61.390298,-18.493691,468.17
737,green,obsidian,cave,65.612664,-161.158133,86.26
738,black,sandstone,valley,-18.103596,-141.526762,331.93
739,red,obsidian,riverbed,79.152726,-72.479422,415.5
740,white,slate,cave,68.942706,-140.251611,299.14
741,pink,granite,valley,83.318379,160.641938,423.21
742,green,obsidian,valley,-47.935176,-64.638185,80.6
743,pink,quartz,mountain,-58.542899,-121.813325,107.66
744,white,slate,beach,20.293235,-17.788015,476.8
745,brown,granite,forest,2.675949,124.525037,37.73
746,blue,sandstone,quarry,70.702021,167.349398,484.83
747,green,limestone,desert,-86.753487,29.442303,156.89
748,black,quartz,riverbed,73.209803,62.919116,192.04
749,white,basalt,cave,-34.180569,42.739719,163.22
750,black,limestone,mountain,18.821543,-101.079088,461.75
751,black,basalt,quarry,23.803492,-126.564043,389.81
752,green,marble,cave,24.12432,-120.74606,468.5
753,gray,marble,cave,-53.749152,2.213451,194.17
754,white,sandstone,valley,20.088038,-140.919348,277.24
755,green,obsidian,quarry,45.513347,128.712537,405.03
756,gray,basalt,beach,-39.634472,-87.452133,421.64
757,gray,sandstone,desert,-49.537972,-128.521454,415.04
758,black,marble,mountain,72.214437,18.585338,318.32
759,green,sandstone,mountain,-85.989635,71.772335,451.96
760,pink,granite,mountain,-51.075394,142.275709,322.26
761,pink,basalt,riverbed,14.085946,4.568558,365.65
762,gray,obsidian,riverbed,-28.366924,-121.17451,325.67
763,pink,limestone,beach,-33.074938,13.825238,134.07
764,blue,marble,riverbed,42.889432,32.174132,294.5
765,black,marble,valley,-5.540396,33.023649,202.8
766,pink,obsidian,cave,6.145789,-34.11249,205.49
767,blue,sandstone,riverbed,86.105436,176.015597,452.1
768,green,granite,valley,-6.458608,63.320831,213.98
769,green,obsidian,valley,0.776276,-10.411818,216.66
770,gray,slate,beach,31.280559,-45.688226,11.23
771,pink,quartz,forest,-21.858818,2.57173,338.05
772,black,limestone,valley,-47.38498,-142.451679,244.87
773,green,sandstone,quarry,35.453501,53.12457,120.7
774,pink,basalt,beach,-73.206814,-81.945393,481.25
775,green,basalt,quarry,-54.93446,90.687198,12.82
776,red,marble,cave,50.820438,-56.302726,0.3
777,gray,slate,quarry,-62.584124,28.129191,355.11
778,red,obsidian,quarry,-48.178677,90.463773,301.65
779,green,marble,forest,44.3741,160.643006,249.7
780,black,slate,quarry,20.18907,178.092523,386.12
781,gray,sandstone,forest,-81.007185,159.3197,135.07
782,blue,sandstone,forest,-84.793781,-99.614401,210.59
783,pink,marble,forest,-60.990975,75.585099,342.76
784,white,limestone,riverbed,-85.219719,-103.13877,47.81
785,blue,obsidian,beach,-3.564636,-25.073856,76.21
786,brown,marble,forest,12.685103,2.513812,179.47
787,blue,quartz,riverbed,44.522938,99.416538,10.92
788,pink,basalt,beach,29.461429,172.353838,80.59
789,red,obsidian,valley,-31.769169,52.625042,313.29
790,white,basalt,desert,-60.671516,138.379756,71.86
791,green,basalt,mountain,41.102519,-117.070978,208.92
792,brown,slate,mountain,3.354826,-89.717811,206.44
793,white,quartz,desert,-24.682624,150.472884,453.12
794,green,limestone,cave,46.220215,-118.898071,113.06
795,pink,obsidian,quarry,-4.565868,45.514626,363.72
796,red,granite,riverbed,-69.879659,63.311359,27.06
797,pink,sandstone,mountain,-43.982692,75.284051,364.67
798,brown,obsidian,beach,11.683671,-5.161369,303.32
799,white,obsidian,valley,11.74704,139.789886,47.14
800,green,granite,beach,-0.91825,153.232396,344.66
801,pink,sandstone,beach,58.562341,-104.864223,168.83
802,white,quartz,forest,16.226603,128.004971,424.88
803,pink,marble,beach,48.648761,-13.465424,99.48
804,brown,quartz,cave,-18.48538,123.470992,125.75
805,blue,granite,quarry,48.318778,8.897436,374.65
806,white,granite,valley,-48.999916,-119.825308,13.93
807,white,limestone,quarry,53.26672,160.980816,488.11
808,black,limestone,valley,5.708364,57.080608,168.41
809,red,obsidian,cave,-73.632572,-140.910786,495.18
810,pink,quartz,forest,-70.489769,-48.293632,422.21
811,black,slate,mountain,50.23682,-57.582759,222.24
812,white,basalt,cave,-42.546721,97.841474,0.78
813,pink,granite,cave,-81.400242,-134.798203,271.64
814,pink,quartz,mountain,23.470325,122.853682,353.92
815,green,limestone,forest,-79.194528,-101.796934,323.25
816,gray,granite,mountain,16.205358,115.064425,444.05
817,green,granite,mountain,-24.261914,-26.895381,276.35
818,red,slate,desert,0.749,162.174306,202.11
819,pink,slate,quarry,27.746109,-56.527964,26.31
820,blue,sandstone,mountain,11.551525,-150.839527,472.06
821,blue,slate,mountain,-67.825424,20.24133,1.69
822,blue,sandstone,valley,-79.177358,36.359094,85.44
823,black,limestone,cave,-59.612362,79.376227,188.28
824,brown,marble,valley,-59.465387,-107.9948,188.64
825,green,quartz,forest,56.214049,-100.13576,98.44
826,blue,marble,beach,-18.388905,-177.465299,148.12
827,pink,obsidian,beach,4.005324,-138.906171,105.54
828,black,obsidian,valley,-41.125437,-151.090003,82.17
829,red,sandstone,riverbed,-81.768501,130.015382,168.09
830,gray,basalt,forest,84.460436,-108.269717,63.14
831,brown,slate,riverbed,4.56368,-8.853533,28.63
832,white,obsidian,cave,-40.819642,-41.550042,17.61
833,black,marble,mountain,-66.818611,12.187634,126.18
834,green,quartz,cave,-53.504876,91.520722,101.19
835,green,obsidian,beach,-15.289753,-159.913588,452.97
836,green,granite,desert,-12.351325,-170.111346,53.42
837,blue,granite,beach,-34.464959,-168.926135,238.27
838,brown,granite,forest,83.546525,-55.960907,10.52
839,brown,obsidian,valley,-43.606905,-89.986678,130.47
840,white,marble,desert,-58.046117,-153.987928,281.37
841,white,quartz,cave,40.627472,66.594093,228.23
842,pink,slate,forest,4.191339,-20.545011,225.7
843,black,slate,cave,-34.10252,105.258146,169.87
844,green,limestone,valley,-53.201576,24.093925,460.25
845,gray,granite,beach,-6.34042,121.306108,41.07
846,pink,quartz,forest,43.626218,-99.771091,67.19
847,red,obsidian,valley,-80.203936,15.547718,240.31
848,black,sandstone,desert,-43.975536,-37.036849,125.34
849,blue,slate,forest,-20.867216,12.341771,402.35
850,red,obsidian,desert,-37.437474,-171.27473,83.26
851,black,quartz,desert,-15.069333,-55.408229,62.05
852,pink,granite,beach,-28.675225,174.916851,310.41
853,blue,marble,cave,-88.785077,-30.034288,246.58
854,green,slate,riverbed,-1.561135,-4.509551,227.07
855,green,granite,valley,84.295198,112.830374,146.74
856,gray,basalt,mountain,-31.879753,113.23624,383.14
857,green,basalt,forest,-53.304959,-6.210009,413.69
858,green,granite,riverbed,88.521285,97.193403,442.12
859,blue,quartz,beach,82.854804,-67.554642,408.55
860,black,basalt,desert,54.780558,-130.536219,218.9
861,white,granite,cave,-89.092089,-36.566968,177.09
862,brown,sandstone,cave,71.312487,13.396469,331.67
863,white,basalt,forest,60.861349,35.95138,173.15
864,green,slate,beach,9.111392,-161.661823,231.49
865,red,sandstone,valley,-18.970999,121.359485,253.78
866,black,marble,quarry,-48.166767,-152.770167,328.24
867,brown,basalt,forest,69.674766,-71.749427,46.34
868,black,obsidian,beach,28.685696,-45.974324,261.53
869,red,limestone,forest,34.590486,51.883952,253.17
870,pink,obsidian,desert,59.394394,-92.81531,75.89
871,white,quartz,forest,45.636243,153.886001,20.71
872,blue,marble,forest,-3.851438,13.192225,336.65
873,blue,limestone,valley,72.4279,95.819575,463.2
874,green,marble,riverbed,-39.942561,114.350566,497.53
875,green,sandstone,quarry,-85.03312,48.376106,176.21
876,blue,basalt,mountain,11.556688,42.54623,218.78
877,green,marble,riverbed,-48.860604,178.354883,130.02
878,pink,limestone,quarry,70.085089,131.362719,327.35
879,pink,basalt,cave,82.870541,37.056807,81.44
880,green,limestone,forest,-21.95944,-139.883412,498.07
881,white,granite,beach,47.464487,-49.097332,146.59
882,red,limestone,desert,-23.801087,-18.262118,34.16
883,pink,limestone,forest,44.549709,21.9475,333.3
884,green,basalt,cave,-54.305912,145.670632,495.41
885,green,obsidian,beach,-31.981384,109.081572,398.35
886,green,marble,desert,27.851996,-145.601201,104.52
887,pink,granite,desert,1.720318,-164.989034,466.09
888,red,basalt,valley,40.587191,-171.864845,93.01
889,brown,marble,desert,-14.063086,-115.813516,365.42
890,black,quartz,cave,-66.110407,-24.272061,59.32
891,pink,limestone,cave,32.656051,-131.064147,120.21
892,gray,granite,valley,-51.511171,103.28271,303.65
893,black,obsidian,desert,6.138761,-72.839942,162.81
894,red,obsidian,desert,70.830292,-59.596944,433.48
895,black,basalt,forest,-71.241789,83.657047,395.41
896,gray,basalt,riverbed,-89.782017,103.987578,144.09
897,gray,basalt,cave,-87.588287,-112.814477,397.82
898,black,quartz,riverbed,34.82544,174.129844,365.11
899,red,marble,quarry,-44.591236,-73.85898,320.73
900,white,limestone,valley,-64.380538,-44.239626,196.56
901,white,quartz,cave,-22.232025,21.176161,490.73
902,blue,granite,mountain,-29.635775,-153.716239,44.74
903,brown,basalt,forest,52.282884,-53.224653,418.76
904,white,granite,cave,36.405641,-144.937564,302.55
905,green,marble,mountain,21.537443,103.711075,366.12
906,black,quartz,desert,-73.729288,-161.221802,49.57
907,red,quartz,forest,0.949353,-83.887624,19.58
908,white,limestone,quarry,72.929308,65.355406,363.2
909,black,obsidian,desert,-17.531577,-40.370343,206.65
910,pink,quartz,desert,-36.121404,-141.642145,60.38
911,pink,quartz,mountain,0.082,-162.123548,450.89
912,black,limestone,quarry,-68.759165,166.105611,6.12
913,black,obsidian,valley,45.43816,96.969089,306.98
914,gray,granite,riverbed,-9.086639,-169.418182,302.51
915,brown,quartz,forest,72.244368,-119.279206,219.51
916,green,quartz,mountain,-5.279166,-134.021007,261.47
917,pink,obsidian,riverbed,-16.4752,146.378765,388.41
918,brown,basalt,beach,79.657142,-19.820963,106.1
919,pink,limestone,quarry,3.52343,-136.154824,382.07
920,brown,quartz,desert,-20.026327,163.265676,84.09
921,pink,slate,beach,-22.28421,-120.879268,110.27
922,black,granite,quarry,30.674111,-51.718083,26.16
923,blue,basalt,mountain,-31.034213,104.344487,133.36
924,brown,basalt,forest,69.189601,-147.921833,108.6
925,red,slate,beach,-63.967377,18.111454,98.55
926,green,slate,cave,29.643304,30.923757,93.56
927,brown,basalt,beach,16.45729,139.915814,250.0
928,gray,obsidian,valley,-33.906825,-19.893561,176.38
929,gray,basalt,forest,71.806013,-117.057732,95.37
930,pink,marble,desert,67.637807,57.961165,438.26
931,red,slate,desert,-4.387198,-76.414391,384.36
932,green,basalt,beach,-33.116868,-97.512459,492.76
933,white,slate,desert,-33.351407,-95.807441,456.34
934,white,basalt,forest,54.755283,41.577186,454.13
935,green,quartz,forest,-63.28422,132.734979,104.59
936,green,sandstone,valley,28.035794,-83.171138,454.43
937,pink,basalt,mountain,-27.40268,40.406657,162.12
938,green,limestone,cave,-13.547152,-62.107941,330.69
939,black,slate,mountain,-35.199293,131.434414,416.52
940,gray,quartz,cave,-74.863377,-84.851307,447.6
941,blue,marble,beach,-55.097986,-149.044021,132.55
942,gray,quartz,valley,-11.662676,-85.129574,305.95
943,white,quartz,valley,-69.054369,19.983795,491.62
944,black,marble,valley,-71.847317,159.547355,128.7
945,white,sandstone,mountain,-68.24394,-39.817178,335.14
946,green,basalt,beach,-5.308374,-35.067853,212.47
947,black,quartz,cave,-19.991859,69.412776,430.83
948,white,quartz,mountain,67.258027,75.827855,387.31
949,blue,sandstone,mountain,59.320121,-64.964728,134.39
950,pink,slate,beach,-32.519819,87.317838,167.85
951,pink,quartz,quarry,47.673268,67.248851,151.83
952,green,slate,quarry,-46.256371,-48.780211,166.33
953,white,quartz,desert,62.293278,-0.924386,326.45
954,pink,sandstone,cave,-3.393871,150.146728,224.04
955,pink,marble,riverbed,22.968525,23.711658,493.49
956,red,marble,forest,-22.475221,-30.427033,198.83
957,gray,marble,forest,6.768374,95.854212,222.49
958,red,slate,valley,88.914306,24.126287,339.12
959,gray,slate,quarry,10.028383,-167.006653,369.71
960,brown,limestone,riverbed,8.19992,29.995635,15.46
961,black,granite,quarry,69.789386,98.007821,10.68
962,white,limestone,cave,76.283604,135.384416,115.74
963,pink,basalt,mountain,-54.404704,35.120328,46.67
964,brown,marble,forest,77.375898,17.142735,422.07
965,green,granite,cave,18.188445,61.61094,407.98
966,red,basalt,forest,-35.501318,145.015841,35.15
967,gray,granite,quarry,37.663491,145.669249,101.44
968,brown,quartz,desert,-79.932419,-47.236787,42.57
969,gray,slate,beach,60.670249,144.186571,415.7
970,white,marble,beach,83.891129,149.338342,81.28
971,blue,marble,desert,-82.742633,-154.205699,187.06
972,white,limestone,quarry,37.824475,-166.140698,266.42
973,blue,obsidian,beach,4.367904,-131.028005,456.34
974,gray,slate,desert,-36.344166,60.686062,418.79
975,red,quartz,riverbed,0.432048,-89.768246,48.76
976,white,quartz,beach,26.74481,-52.837146,209.46
977,blue,granite,desert,68.305749,61.643328,170.13
978,black,basalt,desert,-25.389413,36.314054,466.96
979,gray,limestone,valley,65.389111,-42.535655,126.09
980,white,slate,mountain,-28.587444,-115.587029,357.3
981,red,basalt,riverbed,-4.491859,79.306199,109.72
982,white,obsidian,quarry,82.095932,-64.203523,172.95
983,blue,quartz,cave,47.788741,-143.071037,311.03
984,red,marble,desert,-0.941234,130.049571,398.36
985,white,limestone,valley,3.261434,95.708198,399.35
986,brown,limestone,forest,-52.02654,143.735376,457.28
987,black,obsidian,riverbed,49.168468,27.364617,37.69
988,green,marble,desert,49.640959,-32.804092,184.65
989,brown,quartz,desert,-40.861187,55.535648,324.28
990,blue,basalt,beach,44.623153,178.589544,284.17
991,gray,marble,cave,87.919139,163.716775,413.23
992,white,limestone,beach,-26.202035,-165.55479,438.12
993,pink,marble,cave,-17.078299,-75.202487,160.98
994,pink,slate,beach,-21.068191,-86.185024,400.93
995,gray,slate,forest,-73.206188,101.539579,68.03
996,blue,slate,desert,-71.91787,-155.869345,496.3
997,pink,limestone,forest,-10.434425,129.905031,237.27
998,red,granite,cave,12.59319,-168.509908,58.94
999,green,limestone,desert,28.893078,169.501984,251.53
1000,white,granite,riverbed,-6.945242,35.137202,416.4
